{
  "version": "v12.0",
  "lottery": "Lotofácil",
  "games": [
    [
      1,
      3,
      5,
      6,
      8,
      10,
      11,
      12,
      14,
      16,
      18,
      20,
      22,
      23,
      25
    ],
    [
      1,
      2,
      4,
      5,
      6,
      10,
      12,
      14,
      16,
      17,
      19,
      21,
      22,
      23,
      25
    ],
    [
      1,
      3,
      4,
      5,
      6,
      9,
      11,
      13,
      15,
      16,
      18,
      20,
      22,
      24,
      25
    ],
    [
      2,
      4,
      5,
      6,
      7,
      8,
      10,
      13,
      15,
      16,
      18,
      20,
      21,
      23,
      25
    ],
    [
      2,
      4,
      5,
      6,
      7,
      9,
      10,
      12,
      14,
      16,
      17,
      18,
      20,
      22,
      25
    ],
    [
      1,
      2,
      4,
      6,
      8,
      11,
      12,
      13,
      15,
      17,
      19,
      20,
      22,
      23,
      24
    ],
    [
      1,
      4,
      6,
      7,
      9,
      11,
      12,
      13,
      14,
      16,
      19,
      21,
      22,
      24,
      25
    ],
    [
      1,
      3,
      4,
      7,
      8,
      10,
      12,
      16,
      17,
      18,
      20,
      21,
      22,
      24,
      25
    ],
    [
      1,
      3,
      5,
      6,
      8,
      9,
      11,
      13,
      14,
      17,
      18,
      20,
      21,
      23,
      24
    ],
    [
      1,
      2,
      4,
      7,
      10,
      11,
      13,
      14,
      17,
      18,
      19,
      20,
      22,
      24,
      25
    ]
  ],
  "analysis": {
    "strategy": "texto",
    "hot_numbers": [
      10,
      6,
      20,
      25,
      11,
      23,
      13,
      19,
      2,
      7
    ],
    "cold_numbers": [
      4,
      18,
      1,
      5,
      15
    ],
    "avoid_numbers": [
      10,
      22,
      25,
      1,
      4
    ],
    "confidence": 0.63,
    "dominant_thesis": "Ciclo das Dezenas"
  },
  "thesis_scores": {
    "DNA Numérico": 73.20643895820801,
    "Vácuo Estatístico": 52.78,
    "Simetria Espelhada": 91.45762711864404,
    "Ciclo das Dezenas": 93.2518043242439,
    "Fibonacci Adaptativo": 79.32203389830507,
    "Ressonância Harmônica": 95,
    "Entropia Controlada": 67.48991522323772,
    "Gravitação Numérica": 66.10169491525424,
    "Quantum Collapse": 95,
    "Memória Fractal": 95
  },
  "backtest": {
    "avg_hits": 10.266666666666667,
    "max_hits": 13,
    "hit_distribution": {
      "6": 2,
      "7": 2,
      "8": 19,
      "9": 27,
      "10": 21,
      "11": 3,
      "13": 1
    },
    "total_tests": 15
  },
  "feedback": {
    "adjustment": "applied",
    "boost_numbers": [
      5,
      6,
      10,
      23,
      12,
      1,
      3,
      18,
      22,
      25
    ],
    "penalize_numbers": [
      8,
      14,
      15,
      16,
      20
    ]
  },
  "anti_sycophancy": {
    "approval": false,
    "weaknesses": [
      "lista"
    ],
    "suggestions": [
      "Remover números repetidos para evitar duplicatas e melhorar a variedade de números sorteados"
    ],
    "quality_score": 25
  },
  "timestamp": "2026-04-19T08:47:44.924032"
}